parnme,parval1
mk_rest_l1,0.9115540379
mk_rest_l2,1.3589155747
mr_upland,0.271828316
mr_rest,1.8000000
mFGW_upland,0.95740805464
mFGW_rest,1.000540581
