name,prior_mean,prior_stdev,prior_lower_bound,prior_upper_bound,post_mean,post_stdev,post_lower_bound,post_upper_bound
mfgw,0,0.25,-0.5,0.5,0,0.249972,-0.499944,0.499944
mk_rest_l1,0,0.325257,-0.650515,0.650515,0,0.325103,-0.650206,0.650206
mk_rest_l2,0,0.325257,-0.650515,0.650515,0,0.205005,-0.41001,0.41001
mk_ring_l1,0,0.325257,-0.650515,0.650515,0,0.325256,-0.650513,0.650513
mk_ring_l2,0,0.25,-0.5,0.5,0,0.249983,-0.499966,0.499966
mk_upland_l1,0,0.305462,-0.610924,0.610924,0,0.305453,-0.610907,0.610907
mk_upland_l2,0,0.305462,-0.610924,0.610924,0,0.305111,-0.610221,0.610221
mr_rest,0,0.238561,-0.477121,0.477121,0,0.179849,-0.359697,0.359697
mr_upland,0,0.238561,-0.477121,0.477121,0,0.230062,-0.460124,0.460124
