name,prior_mean,prior_stdev,prior_lower_bound,prior_upper_bound,post_mean,post_stdev,post_lower_bound,post_upper_bound
mfgw_rest,0,0.25,-0.5,0.5,0.0126187,0.249991,-0.487363,0.512601
mfgw_upland,0,0.25,-0.5,0.5,0,0.25,-0.5,0.5
mk_rest_l1,0,0.325257,-0.650515,0.650515,-0.0138044,0.325134,-0.664073,0.636464
mk_rest_l2,0,0.325257,-0.650515,0.650515,0.265573,0.209943,-0.154313,0.68546
mk_ring_l1,0,0.325257,-0.650515,0.650515,0.00196431,0.325257,-0.648549,0.652478
mk_ring_l2,0,0.25,-0.5,0.5,0.00313496,0.249978,-0.496821,0.50309
mr_rest,0,0.238561,-0.477121,0.477121,0.255273,0.181968,-0.108663,0.619208
mr_upland,0,0.238561,-0.477121,0.477121,-0.414181,0.238032,-0.890244,0.0618821
