name,prior_mean,prior_stdev,prior_lower_bound,prior_upper_bound,post_mean,post_stdev,post_lower_bound,post_upper_bound
mfgw_rest,0,0.25,-0.5,0.5,0.0195652,0.249993,-0.48042,0.519551
mfgw_upland,0,0.25,-0.5,0.5,0,0.25,-0.5,0.5
mk_rest_l1,0,0.325257,-0.650515,0.650515,-0.0437528,0.325145,-0.694044,0.606538
mk_rest_l2,0,0.325257,-0.650515,0.650515,0.287801,0.208987,-0.130174,0.705775
mk_ring_l1,0,0.325257,-0.650515,0.650515,0.000859437,0.325256,-0.649653,0.651372
mk_ring_l2,0,0.25,-0.5,0.5,1.3848e-05,0.249979,-0.499944,0.499972
mr_rest,0,0.238561,-0.477121,0.477121,0.255273,0.183569,-0.111865,0.62241
mr_upland,0,0.238561,-0.477121,0.477121,-0.515332,0.238253,-0.991837,-0.0388265
