name,prior_mean,prior_stdev,prior_lower_bound,prior_upper_bound,post_mean,post_stdev,post_lower_bound,post_upper_bound
mfgw_rest,0,0.25,-0.5,0.5,0.082722,0.249987,-0.417251,0.582695
mfgw_upland,0,0.25,-0.5,0.5,0,0.25,-0.5,0.5
mk_rest_l1,0,0.325257,-0.650515,0.650515,-0.323802,0.325148,-0.974098,0.326495
mk_rest_l2,0,0.325257,-0.650515,0.650515,0.259277,0.210021,-0.160765,0.679319
mk_ring_l1,0,0.325257,-0.650515,0.650515,-0.0103932,0.325256,-0.660906,0.64012
mk_ring_l2,0,0.25,-0.5,0.5,-0.0380831,0.249977,-0.538037,0.461871
mr_rest,0,0.238561,-0.477121,0.477121,0.255273,0.182397,-0.109521,0.620066
mr_upland,0,0.238561,-0.477121,0.477121,-0.69897,0.238404,-1.17578,-0.222163
