name,prior_mean,prior_stdev,prior_lower_bound,prior_upper_bound,post_mean,post_stdev,post_lower_bound,post_upper_bound
mfgw_rest,0,0.25,-0.5,0.5,0,0.249992,-0.499985,0.499985
mfgw_upland,0,0.25,-0.5,0.5,0,0.25,-0.5,0.5
mk_rest_l1,0,0.325257,-0.650515,0.650515,0,0.325231,-0.650463,0.650463
mk_rest_l2,0,0.325257,-0.650515,0.650515,0,0.232201,-0.464401,0.464401
mk_ring_l1,0,0.325257,-0.650515,0.650515,0,0.325257,-0.650513,0.650513
mk_ring_l2,0,0.25,-0.5,0.5,0,0.25,-0.5,0.5
mr_rest,0,0.25,-0.5,0.5,0,0.172347,-0.344695,0.344695
mr_upland,0,0.25,-0.5,0.5,0,0.249996,-0.499992,0.499992
