name,prior_mean,prior_stdev,prior_lower_bound,prior_upper_bound,post_mean,post_stdev,post_lower_bound,post_upper_bound
mfgw_rest,0,0.25,-0.5,0.5,-0.00461479,0.249987,-0.504589,0.495359
mfgw_upland,0,0.25,-0.5,0.5,0,0.25,-0.5,0.5
mk_rest_l1,0,0.325257,-0.650515,0.650515,-0.0345108,0.325234,-0.684979,0.615957
mk_rest_l2,0,0.325257,-0.650515,0.650515,0.183888,0.225496,-0.267105,0.63488
mk_ring_l1,0,0.325257,-0.650515,0.650515,-0.0133753,0.325257,-0.66389,0.637139
mk_ring_l2,0,0.25,-0.5,0.5,0,0.25,-0.5,0.5
mr_rest,0,0.25,-0.5,0.5,0.0948033,0.18109,-0.267376,0.456983
mr_upland,0,0.25,-0.5,0.5,-0.0170603,0.249999,-0.517059,0.482938
